<?xml version="1.0" encoding="UTF-8" standalone="yes"?>
<addon id="repository.jafero022" name="REPO-JARELO.022" version="0.2.2" provider-name="luminart506">
    <extension point="xbmc.addon.repository" name="repository.jafero022">
        <dir>
            <info compressed="false">https://raw.githubusercontent.com/repojafero022/master/zips/addons.xml</info>
            <checksum>https://raw.githubusercontent.com/repojafero022/master/zips/addons.xml.md5</checksum>
            <datadir zip="true">https://raw.githubusercontent.com/repojafero022/master/zips/</datadir>
        </dir>
    </extension>
    <extension point="xbmc.addon.metadata">
        <summary>REPO-JARELO.022</summary>
        <description>INSTALAÇÃO VIA LINK</description>
        <disclaimer></disclaimer>
        <platform>all</platform>
        <assets>
            <icon>icon.png</icon>
            <fanart>fanart.jpg</fanart>
        </assets>
    </extension>
</addon>